{"metadata":{"asset_id":"585f5a9c-cd68-4128-b05f-55434db16d95","asset_attributes":["notebook"],"name":"Data Collection with Web Scraping lab","asset_type":"notebook","created_at":"2022-04-13T12:18:09Z","description":"","origin_country":"us","owner_id":"IBMid-662002VOM1","project_id":"46ede684-f49b-456c-bd19-10f8f4c316b1","size":40456,"tags":["notebook"],"usage":{"last_update_time":1649861772804,"last_updated_at":"2022-04-13T14:56:12Z"}},"entity":{"notebook":{"kernel":{"name":"python3","display_name":"Python 3.9","language":"python"},"originates_from":{"type":"blank"},"runtime":{"environment":"conda2rt221"}}},"attachments":[{"id":"060096b7-a33c-4599-9241-c230628245f4","version":2,"asset_type":"notebook","name":"attachment for notebook 585f5a9c-cd68-4128-b05f-55434db16d95","description":"attachment for notebook 585f5a9c-cd68-4128-b05f-55434db16d95","mime":"application/json","datasource_type":"193a97c1-4475-4a19-b90c-295c4fdc6517","object_key":"notebook/Data_Collection_with_Web_Scraping_lab_yW0jcaOdc.ipynb","creator_id":"IBMid-662002VOM1","create_time":1649852290084,"size":40456,"is_remote":false,"is_managed":false,"is_referenced":true,"is_object_key_read_only":false,"is_user_provided_path_key":true,"transfer_complete":true,"is_partitioned":false,"complete_time_ticks":1649852290084,"user_data":{},"test_doc":0,"handle":{"bucket":"course10pythonbasicsfordatascienc-donotdelete-pr-abisd5bjqpzziq","location":"eu-geo","key":"notebook/Data_Collection_with_Web_Scraping_lab_yW0jcaOdc.ipynb","upload_id":"done","max_part_num":1},"usage":{"access_count":7,"last_accessor_id":"IBMid-662002VOM1","last_access_time":1649861714834,"last_updater_id":"IBMid-662002VOM1","last_update_time":1649861714834}}]}
