{"metadata":{"asset_id":"c315a2da-c26e-4159-b0a0-3d620dddaeab","asset_attributes":["notebook"],"name":"Data Wrangling EDA lab","asset_type":"notebook","created_at":"2022-04-13T11:52:15Z","description":"","origin_country":"us","owner_id":"IBMid-662002VOM1","project_id":"46ede684-f49b-456c-bd19-10f8f4c316b1","size":33541,"tags":["notebook"],"usage":{"last_update_time":1649852211949,"last_updated_at":"2022-04-13T12:16:51Z"}},"entity":{"notebook":{"kernel":{"name":"python3","display_name":"Python 3.9","language":"python"},"originates_from":{"type":"blank"},"runtime":{"environment":"conda2rt221"}}},"attachments":[{"id":"6bd5f86e-bab5-4077-8ab7-3e7df5908f73","version":2,"asset_type":"notebook","name":"attachment for notebook c315a2da-c26e-4159-b0a0-3d620dddaeab","description":"attachment for notebook c315a2da-c26e-4159-b0a0-3d620dddaeab","mime":"application/json","datasource_type":"193a97c1-4475-4a19-b90c-295c4fdc6517","object_key":"notebook/Data_Wrangling_EDA_lab_n71U7vP_F.ipynb","creator_id":"IBMid-662002VOM1","create_time":1649850735747,"size":33541,"is_remote":false,"is_managed":false,"is_referenced":true,"is_object_key_read_only":false,"is_user_provided_path_key":true,"transfer_complete":true,"is_partitioned":false,"complete_time_ticks":1649850735747,"user_data":{},"test_doc":0,"handle":{"bucket":"course10pythonbasicsfordatascienc-donotdelete-pr-abisd5bjqpzziq","location":"eu-geo","key":"notebook/Data_Wrangling_EDA_lab_n71U7vP_F.ipynb","upload_id":"done","max_part_num":1},"usage":{"access_count":8,"last_accessor_id":"IBMid-662002VOM1","last_access_time":1649851636853,"last_updater_id":"IBMid-662002VOM1","last_update_time":1649851636853}}]}
