{"metadata":{"asset_id":"21785a88-2664-49d0-9f88-e0425b6fea3c","asset_attributes":["notebook"],"name":"Interactive Visual Analytics with Folium lab","asset_type":"notebook","created_at":"2022-04-13T17:55:28Z","description":"","origin_country":"us","owner_id":"IBMid-662002VOM1","project_id":"46ede684-f49b-456c-bd19-10f8f4c316b1","size":141523,"tags":["notebook"],"usage":{"last_update_time":1649876995266,"last_updated_at":"2022-04-13T19:09:55Z"}},"entity":{"notebook":{"kernel":{"name":"python3","display_name":"Python 3.9","language":"python"},"originates_from":{"type":"blank"},"runtime":{"environment":"conda2rt221"}}},"attachments":[{"id":"dd31dbc0-ca3d-4c0f-a987-9cf04a5989b0","version":2,"asset_type":"notebook","name":"attachment for notebook 21785a88-2664-49d0-9f88-e0425b6fea3c","description":"attachment for notebook 21785a88-2664-49d0-9f88-e0425b6fea3c","mime":"application/json","datasource_type":"193a97c1-4475-4a19-b90c-295c4fdc6517","object_key":"notebook/Interactive_Visual_Analytics_with_Folium_lab_WfjWab-fF.ipynb","creator_id":"IBMid-662002VOM1","create_time":1649872529027,"size":141523,"is_remote":false,"is_managed":false,"is_referenced":true,"is_object_key_read_only":false,"is_user_provided_path_key":true,"transfer_complete":true,"is_partitioned":false,"complete_time_ticks":1649872529027,"user_data":{},"test_doc":0,"handle":{"bucket":"course10pythonbasicsfordatascienc-donotdelete-pr-abisd5bjqpzziq","location":"eu-geo","key":"notebook/Interactive_Visual_Analytics_with_Folium_lab_WfjWab-fF.ipynb","upload_id":"done","max_part_num":1},"usage":{"access_count":23,"last_accessor_id":"IBMid-662002VOM1","last_access_time":1649876984878,"last_updater_id":"IBMid-662002VOM1","last_update_time":1649876984878}}]}
