{"metadata":{"asset_id":"7f30c729-e724-4f58-8d08-d588d8e9970c","asset_attributes":["notebook"],"name":"Build an Interactive Dashboard with Ploty Dash","asset_type":"notebook","created_at":"2022-04-16T17:49:05Z","description":"","origin_country":"us","owner_id":"IBMid-662002VOM1","project_id":"46ede684-f49b-456c-bd19-10f8f4c316b1","size":6188,"tags":["notebook"],"usage":{"last_update_time":1650131563676,"last_updated_at":"2022-04-16T17:52:43Z"}},"entity":{"notebook":{"kernel":{"name":"python3","display_name":"Python 3.9","language":"python"},"originates_from":{"type":"blank"},"runtime":{"environment":"conda2rt221"}}},"attachments":[{"id":"6403bcee-db79-41f3-8e8a-c575b3049881","version":2,"asset_type":"notebook","name":"attachment for notebook 7f30c729-e724-4f58-8d08-d588d8e9970c","description":"attachment for notebook 7f30c729-e724-4f58-8d08-d588d8e9970c","mime":"application/json","datasource_type":"193a97c1-4475-4a19-b90c-295c4fdc6517","object_key":"notebook/Build_an_Interactive_Dashboard_with_Ploty_Dash_gla9R7EO-.ipynb","creator_id":"IBMid-662002VOM1","create_time":1650131345424,"size":6188,"is_remote":false,"is_managed":false,"is_referenced":true,"is_object_key_read_only":false,"is_user_provided_path_key":true,"transfer_complete":true,"is_partitioned":false,"complete_time_ticks":1650131345424,"user_data":{},"test_doc":0,"handle":{"bucket":"course10pythonbasicsfordatascienc-donotdelete-pr-abisd5bjqpzziq","location":"eu-geo","key":"notebook/Build_an_Interactive_Dashboard_with_Ploty_Dash_gla9R7EO-.ipynb","upload_id":"done","max_part_num":1},"usage":{"access_count":2,"last_accessor_id":"IBMid-662002VOM1","last_access_time":1650131370560,"last_updater_id":"IBMid-662002VOM1","last_update_time":1650131370560}}]}
