{"metadata":{"asset_id":"fddb6002-0e7d-4853-ae4f-eace23ac740e","asset_attributes":["notebook"],"name":"EDA with Visualization lab","asset_type":"notebook","created_at":"2022-04-14T15:51:38Z","description":"","origin_country":"us","owner_id":"IBMid-662002VOM1","project_id":"46ede684-f49b-456c-bd19-10f8f4c316b1","size":160279,"tags":["notebook"],"usage":{"last_update_time":1650030680460,"last_updated_at":"2022-04-15T13:51:20Z"}},"entity":{"notebook":{"kernel":{"name":"python3","display_name":"Python 3.9","language":"python"},"originates_from":{"type":"blank"},"runtime":{"environment":"conda2rt221"}}},"attachments":[{"id":"db40775f-0f8e-43f4-a30c-27d5f7b3a49b","version":2,"asset_type":"notebook","name":"attachment for notebook fddb6002-0e7d-4853-ae4f-eace23ac740e","description":"attachment for notebook fddb6002-0e7d-4853-ae4f-eace23ac740e","mime":"application/json","datasource_type":"193a97c1-4475-4a19-b90c-295c4fdc6517","object_key":"notebook/EDA_with_Visualization_lab_60N8b4Evf.ipynb","creator_id":"IBMid-662002VOM1","create_time":1649951498797,"size":160279,"is_remote":false,"is_managed":false,"is_referenced":true,"is_object_key_read_only":false,"is_user_provided_path_key":true,"transfer_complete":true,"is_partitioned":false,"complete_time_ticks":1649951498797,"user_data":{},"test_doc":0,"handle":{"bucket":"course10pythonbasicsfordatascienc-donotdelete-pr-abisd5bjqpzziq","location":"eu-geo","key":"notebook/EDA_with_Visualization_lab_60N8b4Evf.ipynb","upload_id":"done","max_part_num":1},"usage":{"access_count":16,"last_accessor_id":"IBMid-662002VOM1","last_access_time":1650030680459,"last_updater_id":"IBMid-662002VOM1","last_update_time":1650030680459}}]}
