{"metadata":{"asset_id":"8616ccfe-5e65-4fa0-bed4-1b0a817e4445","asset_attributes":["notebook"],"name":"Data Collection API Lab","asset_type":"notebook","created_at":"2022-04-12T13:55:52Z","description":"","origin_country":"us","owner_id":"IBMid-662002VOM1","project_id":"46ede684-f49b-456c-bd19-10f8f4c316b1","size":449301,"tags":["notebook"],"usage":{"last_update_time":1649949785470,"last_updated_at":"2022-04-14T15:23:05Z"}},"entity":{"notebook":{"kernel":{"name":"python3","display_name":"Python 3.9","language":"python"},"originates_from":{"type":"blank"},"runtime":{"environment":"conda2rt221"}}},"attachments":[{"id":"635310a8-ec82-48ba-995d-a0d76491d3a3","version":2,"asset_type":"notebook","name":"attachment for notebook 8616ccfe-5e65-4fa0-bed4-1b0a817e4445","description":"attachment for notebook 8616ccfe-5e65-4fa0-bed4-1b0a817e4445","mime":"application/json","datasource_type":"193a97c1-4475-4a19-b90c-295c4fdc6517","object_key":"notebook/Data_Collection_API_Lab_T5Sg9YDXK.ipynb","creator_id":"IBMid-662002VOM1","create_time":1649771753433,"size":449301,"is_remote":false,"is_managed":false,"is_referenced":true,"is_object_key_read_only":false,"is_user_provided_path_key":true,"transfer_complete":true,"is_partitioned":false,"complete_time_ticks":1649771753433,"user_data":{},"test_doc":0,"handle":{"bucket":"course10pythonbasicsfordatascienc-donotdelete-pr-abisd5bjqpzziq","location":"eu-geo","key":"notebook/Data_Collection_API_Lab_T5Sg9YDXK.ipynb","upload_id":"done","max_part_num":1},"usage":{"access_count":20,"last_accessor_id":"IBMid-662002VOM1","last_access_time":1649949638759,"last_updater_id":"IBMid-662002VOM1","last_update_time":1649949638759}}]}
