{"metadata":{"asset_id":"983746aa-c03b-4216-ae70-4b80f55ad98e","asset_attributes":["notebook"],"name":"Machine Learning Prediction lab","asset_type":"notebook","created_at":"2022-04-15T14:15:05Z","description":"","origin_country":"us","owner_id":"IBMid-662002VOM1","project_id":"46ede684-f49b-456c-bd19-10f8f4c316b1","size":92237,"tags":["notebook"],"usage":{"last_update_time":1650040423603,"last_updated_at":"2022-04-15T16:33:43Z"}},"entity":{"notebook":{"kernel":{"name":"python3","display_name":"Python 3.9","language":"python"},"originates_from":{"type":"blank"},"runtime":{"environment":"conda2rt221"}}},"attachments":[{"id":"0f40e7a3-8bb0-4396-a590-7bcf65b96173","version":2,"asset_type":"notebook","name":"attachment for notebook 983746aa-c03b-4216-ae70-4b80f55ad98e","description":"attachment for notebook 983746aa-c03b-4216-ae70-4b80f55ad98e","mime":"application/json","datasource_type":"193a97c1-4475-4a19-b90c-295c4fdc6517","object_key":"notebook/Machine_Learning_Prediction_lab_H02F91HQC.ipynb","creator_id":"IBMid-662002VOM1","create_time":1650032106128,"size":92237,"is_remote":false,"is_managed":false,"is_referenced":true,"is_object_key_read_only":false,"is_user_provided_path_key":true,"transfer_complete":true,"is_partitioned":false,"complete_time_ticks":1650032106128,"user_data":{},"test_doc":0,"handle":{"bucket":"course10pythonbasicsfordatascienc-donotdelete-pr-abisd5bjqpzziq","location":"eu-geo","key":"notebook/Machine_Learning_Prediction_lab_H02F91HQC.ipynb","upload_id":"done","max_part_num":1},"usage":{"access_count":38,"last_accessor_id":"IBMid-662002VOM1","last_access_time":1650040423601,"last_updater_id":"IBMid-662002VOM1","last_update_time":1650040423601}}]}
