{"metadata":{"asset_id":"24470485-9fe6-49b2-9d65-9c88043a2e31","asset_attributes":["notebook"],"name":"2nd attempt EDA with SQL lab","asset_type":"notebook","created_at":"2022-04-16T16:12:20Z","description":"Made this because i couldnt connect on first one. I will try many things in this notebook to fix that issue.","origin_country":"us","owner_id":"IBMid-662002VOM1","project_id":"46ede684-f49b-456c-bd19-10f8f4c316b1","size":28424,"tags":["notebook"],"usage":{"last_update_time":1650199107428,"last_updated_at":"2022-04-17T12:38:27Z"}},"entity":{"notebook":{"kernel":{"name":"python3","display_name":"Python 3.9","language":"python"},"originates_from":{"type":"blank"},"runtime":{"environment":"conda2rt221"}}},"attachments":[{"id":"505e5b41-1e53-4cbf-852f-6f30e396b9aa","version":2,"asset_type":"notebook","name":"attachment for notebook 24470485-9fe6-49b2-9d65-9c88043a2e31","description":"attachment for notebook 24470485-9fe6-49b2-9d65-9c88043a2e31","mime":"application/json","datasource_type":"193a97c1-4475-4a19-b90c-295c4fdc6517","object_key":"notebook/2nd_attempt_EDA_with_SQL_lab_XOm0yF6M5.ipynb","creator_id":"IBMid-662002VOM1","create_time":1650125541382,"size":28424,"is_remote":false,"is_managed":false,"is_referenced":true,"is_object_key_read_only":false,"is_user_provided_path_key":true,"transfer_complete":true,"is_partitioned":false,"complete_time_ticks":1650125541382,"user_data":{},"test_doc":0,"handle":{"bucket":"course10pythonbasicsfordatascienc-donotdelete-pr-abisd5bjqpzziq","location":"eu-geo","key":"notebook/2nd_attempt_EDA_with_SQL_lab_XOm0yF6M5.ipynb","upload_id":"done","max_part_num":1},"usage":{"access_count":17,"last_accessor_id":"IBMid-662002VOM1","last_access_time":1650199098558,"last_updater_id":"IBMid-662002VOM1","last_update_time":1650199098558}}]}
